{
	"info": {
		"_postman_id": "a179c35d-da17-46ca-989d-04b0758d8459",
		"name": "Technology Code Camp",
		"schema": "https://schema.getpostman.com/json/collection/v2.1.0/collection.json",
		"_exporter_id": "326608",
		"_collection_link": "https://technologycodecamp.postman.co/workspace/TCC-Workspace~cae85d6a-0e30-40d0-8643-cd222517de71/collection/326608-a179c35d-da17-46ca-989d-04b0758d8459?action=share&source=collection_link&creator=326608"
	},
	"item": [
		{
			"name": "ContactUs",
			"request": {
				"method": "POST",
				"header": [
					{
						"key": "x-functions-key",
						"value": "{{XFunctionKey}}",
						"type": "text"
					}
				],
				"url": {
					"raw": "{{Uri}}/api/ContactUs",
					"host": [
						"{{Uri}}"
					],
					"path": [
						"api",
						"ContactUs"
					]
				}
			},
			"response": []
		},
		{
			"name": "UpdateEventData",
			"request": {
				"method": "POST",
				"header": [
					{
						"key": "x-functions-key",
						"value": "{{XFunctionKey}}",
						"type": "text"
					}
				],
				"body": {
					"mode": "raw",
					"raw": "{\n    \"Id\":\"71358ec6-e186-4556-8ac3-dea90112c7a6\"\n}",
					"options": {
						"raw": {
							"language": "json"
						}
					}
				},
				"url": {
					"raw": "{{Uri}}/api/UpdateEventData",
					"host": [
						"{{Uri}}"
					],
					"path": [
						"api",
						"UpdateEventData"
					]
				}
			},
			"response": []
		},
		{
			"name": "ConferenceInfo",
			"request": {
				"method": "GET",
				"header": [
					{
						"key": "x-functions-key",
						"value": "{{XFunctionKey}}",
						"type": "text"
					}
				],
				"url": {
					"raw": "{{CDNUri}}/cdn-data/conferenceinfo.json",
					"host": [
						"{{CDNUri}}"
					],
					"path": [
						"cdn-data",
						"conferenceinfo.json"
					]
				}
			},
			"response": []
		},
		{
			"name": "PublicProfiles",
			"request": {
				"method": "GET",
				"header": [
					{
						"key": "x-functions-key",
						"value": "{{XFunctionKey}}",
						"type": "text"
					}
				],
				"url": {
					"raw": "{{CDNUri}}/cdn-data/publicprofiles.json",
					"host": [
						"{{CDNUri}}"
					],
					"path": [
						"cdn-data",
						"publicprofiles.json"
					]
				}
			},
			"response": []
		},
		{
			"name": "Events",
			"request": {
				"method": "GET",
				"header": [
					{
						"key": "x-functions-key",
						"value": "{{XFunctionKey}}",
						"type": "text"
					}
				],
				"url": {
					"raw": "{{CDNUri}}/cdn-data/events/:eventId.json",
					"host": [
						"{{CDNUri}}"
					],
					"path": [
						"cdn-data",
						"events",
						":eventId.json"
					],
					"variable": [
						{
							"key": "eventId",
							"value": "fa63b220-c7c1-4882-a01e-3cc4958a2cf3"
						}
					]
				}
			},
			"response": []
		}
	]
}
